ProductID,ProductName,Category,StoreID,Date,UnitsSold,UnitsInStock,UnitCost,UnitPrice,Season
P0039,Toy 33,Action Figures,3,2022-01-01,106,238,15.82,28.62,Holiday
P0029,Toy 22,Dolls,17,2022-01-02,146,204,25.66,56.15,Holiday
P0015,Toy 21,Dolls,5,2022-01-03,136,47,16.4,99.25,Holiday
P0043,Toy 6,Puzzles,20,2022-01-04,154,432,30.61,86.47,Summer
P0008,Toy 6,Action Figures,8,2022-01-05,161,244,22.82,14.25,Holiday
P0021,Toy 48,Puzzles,14,2022-01-06,171,319,9.89,72.11,Holiday
P0039,Toy 4,Action Figures,4,2022-01-07,195,316,7.6,37.83,Holiday
P0019,Toy 30,Dolls,11,2022-01-08,99,412,28.24,5.66,None
P0023,Toy 11,Dolls,20,2022-01-09,81,294,45.32,43.33,None
P0011,Toy 30,Board Games,15,2022-01-10,142,127,18.51,27.3,Summer
P0011,Toy 31,Action Figures,19,2022-01-11,50,343,37.18,82.79,Holiday
P0024,Toy 24,Puzzles,7,2022-01-12,140,281,33.62,37.05,Summer
P0036,Toy 9,Board Games,19,2022-01-13,82,16,46.71,83.61,Holiday
P0040,Toy 3,Board Games,19,2022-01-14,176,70,41.41,5.06,Holiday
P0024,Toy 31,Board Games,11,2022-01-15,197,268,29.2,34.24,Holiday
P0003,Toy 40,Puzzles,5,2022-01-16,111,324,33.54,27.91,Summer
P0022,Toy 37,Board Games,5,2022-01-17,55,281,45.12,27.19,Summer
P0002,Toy 36,Puzzles,8,2022-01-18,178,304,21.18,11.48,Holiday
P0024,Toy 24,Board Games,10,2022-01-19,164,450,17.69,22.78,Back-to-School
P0044,Toy 31,Puzzles,6,2022-01-20,144,6,2.52,57.78,Summer
P0030,Toy 6,Dolls,15,2022-01-21,185,313,41.67,32.68,None
P0038,Toy 2,Dolls,16,2022-01-22,156,304,40.45,44.65,Summer
P0002,Toy 20,Dolls,17,2022-01-23,160,102,7.01,40.8,Holiday
P0021,Toy 28,Dolls,8,2022-01-24,59,308,29.69,88.21,Back-to-School
P0033,Toy 11,Dolls,8,2022-01-25,119,192,24.27,91.0,Holiday
P0012,Toy 4,Board Games,9,2022-01-26,182,240,7.7,51.83,None
P0022,Toy 15,Board Games,2,2022-01-27,137,61,49.07,36.36,Summer
P0044,Toy 6,Board Games,15,2022-01-28,174,16,12.31,15.15,Summer
P0025,Toy 49,Puzzles,18,2022-01-29,22,170,5.23,95.57,Holiday
P0049,Toy 30,Puzzles,3,2022-01-30,148,24,30.55,10.72,Holiday
P0027,Toy 38,Puzzles,17,2022-01-31,12,250,37.47,33.28,None
P0042,Toy 2,Puzzles,4,2022-02-01,100,252,3.56,33.32,Back-to-School
P0028,Toy 15,Dolls,4,2022-02-02,160,386,33.62,35.44,None
P0016,Toy 11,Dolls,14,2022-02-03,23,206,27.55,20.61,Back-to-School
P0015,Toy 8,Dolls,9,2022-02-04,107,28,6.96,79.4,Summer
P0047,Toy 26,Action Figures,9,2022-02-05,10,116,10.28,16.64,Back-to-School
P0044,Toy 45,Board Games,18,2022-02-06,16,490,29.26,65.32,Back-to-School
P0003,Toy 44,Puzzles,10,2022-02-07,195,415,16.23,16.77,Summer
P0037,Toy 5,Puzzles,4,2022-02-08,174,281,47.04,11.7,Summer
P0007,Toy 6,Dolls,12,2022-02-09,24,379,41.3,91.4,Summer
P0021,Toy 26,Puzzles,8,2022-02-10,93,143,49.21,23.06,None
P0009,Toy 4,Puzzles,2,2022-02-11,20,24,14.46,83.02,Summer
P0039,Toy 19,Board Games,13,2022-02-12,83,309,48.55,56.74,Holiday
P0018,Toy 20,Dolls,16,2022-02-13,139,155,22.7,12.4,Summer
P0004,Toy 33,Board Games,2,2022-02-14,36,72,18.68,95.77,Summer
P0025,Toy 20,Action Figures,11,2022-02-15,41,119,4.42,28.46,Summer
P0014,Toy 49,Action Figures,10,2022-02-16,144,311,4.53,86.67,Back-to-School
P0050,Toy 12,Action Figures,15,2022-02-17,100,320,35.22,21.04,None
P0009,Toy 47,Dolls,17,2022-02-18,47,92,23.98,86.12,Summer
P0026,Toy 1,Puzzles,8,2022-02-19,102,85,12.87,6.26,None
P0002,Toy 26,Dolls,18,2022-02-20,27,335,31.47,53.62,Holiday
P0020,Toy 14,Dolls,9,2022-02-21,40,424,14.14,78.1,Holiday
P0028,Toy 38,Puzzles,8,2022-02-22,98,498,29.73,93.81,Summer
P0047,Toy 37,Board Games,14,2022-02-23,46,363,19.24,91.37,Holiday
P0007,Toy 11,Action Figures,18,2022-02-24,145,434,41.53,82.86,None
P0044,Toy 36,Board Games,20,2022-02-25,104,117,41.39,89.38,Back-to-School
P0008,Toy 13,Action Figures,20,2022-02-26,123,232,24.91,23.93,Summer
P0047,Toy 43,Dolls,12,2022-02-27,198,198,18.84,32.0,Holiday
P0035,Toy 3,Action Figures,19,2022-02-28,12,205,19.4,32.45,None
P0014,Toy 33,Dolls,14,2022-03-01,140,0,40.67,40.82,None
P0017,Toy 6,Board Games,17,2022-03-02,99,338,17.75,42.37,Holiday
P0036,Toy 50,Dolls,3,2022-03-03,30,146,12.03,56.73,None
P0050,Toy 10,Board Games,7,2022-03-04,129,449,6.07,20.19,None
P0040,Toy 5,Puzzles,17,2022-03-05,15,424,24.4,70.67,Summer
P0004,Toy 23,Puzzles,12,2022-03-06,136,428,25.14,20.92,None
P0002,Toy 10,Puzzles,9,2022-03-07,72,270,42.36,34.48,Holiday
P0006,Toy 44,Dolls,15,2022-03-08,165,386,12.62,52.82,Summer
P0042,Toy 2,Puzzles,18,2022-03-09,53,138,20.29,80.66,Holiday
P0004,Toy 13,Action Figures,13,2022-03-10,183,180,40.8,75.25,Back-to-School
P0029,Toy 40,Board Games,8,2022-03-11,99,429,41.53,66.33,Holiday
P0018,Toy 2,Board Games,14,2022-03-12,108,29,20.46,19.8,Holiday
P0026,Toy 20,Action Figures,8,2022-03-13,86,56,24.04,56.97,Summer
P0044,Toy 1,Dolls,14,2022-03-14,172,231,16.56,13.31,None
P0034,Toy 37,Dolls,7,2022-03-15,161,145,46.76,40.85,Holiday
P0010,Toy 9,Board Games,12,2022-03-16,136,434,7.69,44.28,Summer
P0036,Toy 17,Puzzles,11,2022-03-17,7,383,46.82,8.78,Back-to-School
P0014,Toy 9,Dolls,11,2022-03-18,6,0,34.83,31.03,Summer
P0031,Toy 11,Dolls,13,2022-03-19,35,193,27.52,95.79,Summer
P0048,Toy 15,Action Figures,18,2022-03-20,17,223,3.57,95.6,None
P0015,Toy 24,Action Figures,2,2022-03-21,2,135,24.83,38.47,Holiday
P0008,Toy 38,Puzzles,15,2022-03-22,27,21,21.57,9.09,Back-to-School
P0014,Toy 35,Dolls,20,2022-03-23,69,5,9.74,22.01,Summer
P0023,Toy 30,Dolls,18,2022-03-24,171,203,33.51,42.26,Holiday
P0040,Toy 31,Action Figures,15,2022-03-25,148,238,48.62,95.04,Holiday
P0021,Toy 49,Dolls,19,2022-03-26,27,184,28.99,18.41,Summer
P0016,Toy 5,Board Games,12,2022-03-27,53,359,36.31,77.53,Holiday
P0045,Toy 44,Action Figures,13,2022-03-28,181,291,5.29,15.32,Summer
P0018,Toy 50,Puzzles,11,2022-03-29,64,334,22.05,98.22,Summer
P0047,Toy 14,Action Figures,5,2022-03-30,99,219,7.59,41.25,Summer
P0024,Toy 11,Dolls,1,2022-03-31,20,115,31.41,78.65,Back-to-School
P0026,Toy 9,Puzzles,3,2022-04-01,12,312,47.05,37.55,Summer
P0025,Toy 34,Action Figures,19,2022-04-02,56,48,33.77,64.63,None
P0045,Toy 12,Board Games,7,2022-04-03,48,172,5.69,23.24,Holiday
P0041,Toy 35,Board Games,12,2022-04-04,117,81,19.02,18.87,Back-to-School
P0029,Toy 35,Action Figures,15,2022-04-05,53,321,28.43,94.12,Holiday
P0015,Toy 1,Board Games,5,2022-04-06,137,332,21.35,92.18,Back-to-School
P0045,Toy 40,Board Games,15,2022-04-07,52,0,42.01,89.31,None
P0001,Toy 22,Board Games,8,2022-04-08,43,334,41.1,64.42,Back-to-School
P0025,Toy 29,Puzzles,10,2022-04-09,46,19,31.37,81.79,Back-to-School
P0007,Toy 8,Board Games,16,2022-04-10,52,447,19.93,11.56,Back-to-School
P0009,Toy 11,Board Games,8,2022-04-11,73,220,14.26,36.8,Holiday
P0024,Toy 41,Board Games,1,2022-04-12,45,0,7.08,34.8,Summer
P0001,Toy 37,Puzzles,12,2022-04-13,12,233,19.04,65.39,Holiday
P0044,Toy 14,Action Figures,5,2022-04-14,164,220,21.83,38.82,Summer
P0008,Toy 30,Dolls,3,2022-04-15,101,322,34.44,19.11,Holiday
P0024,Toy 35,Board Games,1,2022-04-16,23,338,33.59,61.66,None
P0011,Toy 21,Action Figures,4,2022-04-17,1,2,5.37,82.37,None
P0017,Toy 37,Board Games,8,2022-04-18,80,181,20.97,41.3,Back-to-School
P0008,Toy 5,Puzzles,3,2022-04-19,99,205,10.73,17.57,None
P0035,Toy 19,Action Figures,10,2022-04-20,141,319,9.53,23.69,Back-to-School
P0035,Toy 14,Puzzles,2,2022-04-21,137,39,41.71,27.56,Summer
P0033,Toy 26,Board Games,11,2022-04-22,162,58,4.01,33.49,None
P0005,Toy 4,Board Games,10,2022-04-23,152,438,22.12,66.07,Summer
P0042,Toy 25,Puzzles,14,2022-04-24,130,61,10.07,62.09,Holiday
P0039,Toy 45,Dolls,7,2022-04-25,110,131,44.21,71.13,Summer
P0041,Toy 42,Puzzles,2,2022-04-26,101,59,28.74,39.44,Holiday
P0028,Toy 25,Board Games,9,2022-04-27,16,371,13.11,83.28,Summer
P0007,Toy 18,Puzzles,16,2022-04-28,11,330,26.12,24.39,Summer
P0009,Toy 40,Dolls,13,2022-04-29,181,121,37.11,49.56,None
P0008,Toy 8,Puzzles,9,2022-04-30,115,478,47.99,81.09,Summer
P0012,Toy 39,Dolls,20,2022-05-01,23,106,12.58,22.12,None
P0034,Toy 40,Dolls,4,2022-05-02,28,95,44.54,15.44,None
P0033,Toy 14,Puzzles,10,2022-05-03,170,346,46.85,88.95,Back-to-School
P0048,Toy 32,Puzzles,12,2022-05-04,152,413,45.99,37.58,Back-to-School
P0023,Toy 38,Action Figures,17,2022-05-05,121,234,32.5,69.97,Holiday
P0024,Toy 33,Board Games,14,2022-05-06,187,385,32.23,7.41,Summer
P0037,Toy 23,Dolls,14,2022-05-07,89,61,21.35,70.55,Holiday
P0035,Toy 15,Action Figures,2,2022-05-08,64,255,38.12,35.03,Summer
P0044,Toy 33,Puzzles,20,2022-05-09,83,48,27.5,10.3,Back-to-School
P0040,Toy 25,Board Games,11,2022-05-10,118,392,34.52,62.93,Back-to-School
P0022,Toy 17,Action Figures,16,2022-05-11,155,347,22.57,27.88,Summer
P0027,Toy 33,Dolls,19,2022-05-12,15,158,37.11,41.75,Summer
P0035,Toy 47,Action Figures,6,2022-05-13,174,123,41.57,12.66,Back-to-School
P0001,Toy 2,Dolls,19,2022-05-14,103,481,9.03,18.98,Back-to-School
P0035,Toy 14,Puzzles,5,2022-05-15,91,316,41.98,33.31,Holiday
P0037,Toy 40,Board Games,4,2022-05-16,185,206,27.93,13.53,Back-to-School
P0047,Toy 40,Board Games,15,2022-05-17,26,0,42.54,91.53,Summer
P0014,Toy 39,Board Games,4,2022-05-18,180,408,22.7,5.57,Holiday
P0003,Toy 6,Puzzles,20,2022-05-19,169,419,20.19,50.97,Summer
P0001,Toy 6,Dolls,10,2022-05-20,186,0,45.92,16.71,None
P0005,Toy 3,Puzzles,3,2022-05-21,174,200,14.06,34.23,Holiday
P0026,Toy 7,Board Games,5,2022-05-22,161,249,42.52,92.98,Summer
P0014,Toy 8,Puzzles,6,2022-05-23,164,313,25.23,20.36,Back-to-School
P0039,Toy 42,Puzzles,8,2022-05-24,133,356,26.68,96.75,None
P0027,Toy 15,Puzzles,7,2022-05-25,134,367,16.81,24.55,Summer
P0009,Toy 47,Dolls,10,2022-05-26,152,428,29.51,75.45,Holiday
P0015,Toy 29,Action Figures,6,2022-05-27,32,317,17.61,56.93,Summer
P0015,Toy 33,Action Figures,14,2022-05-28,54,294,3.88,89.03,None
P0026,Toy 30,Puzzles,4,2022-05-29,185,479,15.06,57.63,Holiday
P0042,Toy 39,Action Figures,13,2022-05-30,6,313,2.31,55.78,None
P0013,Toy 27,Action Figures,20,2022-05-31,56,499,48.96,23.57,Summer
P0032,Toy 36,Puzzles,17,2022-06-01,125,208,48.36,20.79,Back-to-School
P0039,Toy 29,Puzzles,7,2022-06-02,11,354,20.97,92.07,Back-to-School
P0049,Toy 38,Board Games,4,2022-06-03,15,484,36.96,36.14,Summer
P0032,Toy 33,Action Figures,14,2022-06-04,42,210,18.6,40.35,Summer
P0004,Toy 37,Dolls,3,2022-06-05,116,191,34.21,77.18,Summer
P0030,Toy 27,Puzzles,5,2022-06-06,134,43,40.66,37.19,Holiday
P0037,Toy 33,Board Games,16,2022-06-07,110,28,47.44,95.45,None
P0023,Toy 4,Dolls,20,2022-06-08,50,58,21.21,75.1,None
P0039,Toy 22,Action Figures,4,2022-06-09,159,70,39.6,61.76,None
P0045,Toy 2,Board Games,2,2022-06-10,74,91,14.76,88.69,Summer
P0015,Toy 10,Puzzles,18,2022-06-11,7,264,49.54,9.71,None
P0043,Toy 5,Dolls,19,2022-06-12,199,382,3.24,29.42,Summer
P0029,Toy 10,Puzzles,19,2022-06-13,44,219,30.97,49.18,Holiday
P0036,Toy 33,Action Figures,17,2022-06-14,58,389,33.66,26.56,Back-to-School
P0013,Toy 38,Dolls,14,2022-06-15,131,412,35.03,75.67,Summer
P0032,Toy 13,Action Figures,19,2022-06-16,103,441,7.78,92.32,Summer
P0007,Toy 31,Action Figures,13,2022-06-17,194,400,47.05,45.26,Back-to-School
P0022,Toy 47,Board Games,12,2022-06-18,156,399,10.7,37.5,Back-to-School
P0028,Toy 36,Puzzles,6,2022-06-19,156,214,31.89,96.35,Holiday
P0002,Toy 45,Dolls,4,2022-06-20,97,478,12.69,47.26,None
P0042,Toy 24,Action Figures,19,2022-06-21,155,386,16.75,51.46,Summer
P0045,Toy 15,Action Figures,16,2022-06-22,78,276,28.23,38.41,None
P0006,Toy 29,Dolls,13,2022-06-23,123,63,22.03,91.41,Summer
P0028,Toy 8,Action Figures,4,2022-06-24,171,0,9.69,59.05,Holiday
P0028,Toy 5,Board Games,17,2022-06-25,3,291,10.2,77.41,Back-to-School
P0044,Toy 29,Board Games,1,2022-06-26,89,489,22.07,82.12,Holiday
P0044,Toy 47,Board Games,18,2022-06-27,103,484,38.35,37.48,Back-to-School
P0020,Toy 4,Board Games,20,2022-06-28,136,244,45.1,46.2,None
P0030,Toy 12,Action Figures,17,2022-06-29,118,469,6.04,85.6,None
P0011,Toy 45,Dolls,15,2022-06-30,132,61,20.87,39.51,Holiday
P0028,Toy 2,Dolls,11,2022-07-01,55,425,6.81,80.42,Back-to-School
P0025,Toy 27,Dolls,13,2022-07-02,95,331,2.8,94.39,Holiday
P0039,Toy 31,Dolls,1,2022-07-03,177,169,33.76,64.2,Back-to-School
P0033,Toy 36,Puzzles,17,2022-07-04,74,444,30.92,75.45,Back-to-School
P0001,Toy 36,Dolls,6,2022-07-05,142,268,9.82,81.48,None
P0027,Toy 26,Puzzles,4,2022-07-06,31,266,13.22,85.28,None
P0013,Toy 43,Puzzles,20,2022-07-07,27,53,3.14,42.53,Back-to-School
P0041,Toy 27,Board Games,16,2022-07-08,21,15,42.08,9.87,Back-to-School
P0003,Toy 5,Puzzles,15,2022-07-09,16,7,48.79,43.18,Back-to-School
P0039,Toy 20,Action Figures,15,2022-07-10,58,103,8.5,69.01,None
P0006,Toy 11,Puzzles,6,2022-07-11,89,58,13.11,47.78,None
P0008,Toy 10,Board Games,15,2022-07-12,198,312,43.68,76.15,Summer
P0027,Toy 40,Puzzles,14,2022-07-13,105,39,46.47,38.91,Back-to-School
P0009,Toy 38,Action Figures,11,2022-07-14,184,236,22.14,65.3,Summer
P0037,Toy 6,Action Figures,7,2022-07-15,25,442,4.43,22.71,Back-to-School
P0033,Toy 8,Action Figures,9,2022-07-16,24,385,3.89,76.19,None
P0042,Toy 23,Board Games,16,2022-07-17,137,93,29.55,56.84,Summer
P0044,Toy 47,Board Games,5,2022-07-18,44,0,20.86,24.39,Summer
P0024,Toy 26,Dolls,20,2022-07-19,82,203,3.38,32.73,Holiday
P0015,Toy 46,Board Games,10,2022-07-20,10,137,30.0,76.12,Back-to-School
P0032,Toy 43,Action Figures,18,2022-07-21,180,299,2.54,50.85,None
P0032,Toy 12,Action Figures,3,2022-07-22,199,394,39.79,25.52,Holiday
P0024,Toy 26,Board Games,13,2022-07-23,103,206,16.71,96.89,Holiday
P0041,Toy 13,Puzzles,11,2022-07-24,67,335,3.93,72.94,Back-to-School
P0049,Toy 40,Board Games,17,2022-07-25,94,80,30.24,95.93,Holiday
P0049,Toy 18,Board Games,13,2022-07-26,155,217,21.09,45.57,Back-to-School
P0012,Toy 25,Action Figures,6,2022-07-27,64,1,48.74,50.13,Holiday
P0039,Toy 33,Dolls,17,2022-07-28,48,177,28.12,90.31,Back-to-School
P0002,Toy 47,Action Figures,13,2022-07-29,174,395,15.21,54.88,None
P0003,Toy 40,Dolls,19,2022-07-30,51,0,36.05,72.19,Back-to-School
P0049,Toy 43,Action Figures,19,2022-07-31,101,345,15.03,28.96,Back-to-School
P0037,Toy 12,Board Games,10,2022-08-01,181,278,45.4,47.44,Summer
P0049,Toy 44,Action Figures,3,2022-08-02,187,145,19.99,16.73,None
P0017,Toy 36,Action Figures,14,2022-08-03,56,317,28.39,24.57,None
P0049,Toy 48,Action Figures,19,2022-08-04,46,223,4.43,5.09,None
P0002,Toy 4,Board Games,5,2022-08-05,158,368,22.45,8.73,Holiday
P0002,Toy 5,Board Games,5,2022-08-06,173,383,41.95,97.84,Summer
P0028,Toy 37,Board Games,20,2022-08-07,25,61,40.67,28.02,None
P0023,Toy 8,Board Games,17,2022-08-08,113,293,12.77,68.01,Holiday
P0037,Toy 42,Dolls,10,2022-08-09,4,238,12.85,84.71,Holiday
P0032,Toy 49,Dolls,5,2022-08-10,83,194,41.23,57.31,Holiday
P0033,Toy 28,Puzzles,4,2022-08-11,51,165,46.66,19.55,Summer
P0001,Toy 31,Board Games,6,2022-08-12,104,450,6.58,74.17,Holiday
P0019,Toy 9,Dolls,4,2022-08-13,53,221,23.6,62.02,Summer
P0002,Toy 29,Action Figures,7,2022-08-14,160,60,18.2,74.47,Back-to-School
P0044,Toy 14,Board Games,7,2022-08-15,177,128,43.79,78.13,Holiday
P0026,Toy 40,Puzzles,18,2022-08-16,165,477,6.01,97.66,None
P0032,Toy 41,Puzzles,3,2022-08-17,154,172,12.13,59.49,Holiday
P0006,Toy 22,Puzzles,1,2022-08-18,14,479,38.12,37.46,Back-to-School
P0032,Toy 11,Action Figures,4,2022-08-19,60,155,4.46,66.6,Back-to-School
P0004,Toy 23,Dolls,6,2022-08-20,121,404,25.64,11.5,Holiday
P0011,Toy 1,Action Figures,9,2022-08-21,20,377,23.22,90.25,Back-to-School
P0017,Toy 46,Board Games,14,2022-08-22,45,109,18.05,16.34,Summer
P0038,Toy 37,Puzzles,12,2022-08-23,196,268,20.94,36.15,Summer
P0024,Toy 21,Action Figures,20,2022-08-24,133,0,27.44,82.5,Holiday
P0005,Toy 26,Action Figures,4,2022-08-25,37,355,9.75,61.74,Summer
P0034,Toy 46,Dolls,12,2022-08-26,61,390,29.46,42.4,Summer
P0006,Toy 36,Dolls,10,2022-08-27,85,277,40.66,49.98,None
P0022,Toy 23,Puzzles,7,2022-08-28,189,73,38.49,86.18,Holiday
P0011,Toy 1,Action Figures,3,2022-08-29,77,486,9.39,37.3,Back-to-School
P0048,Toy 40,Action Figures,14,2022-08-30,45,436,9.16,87.62,Holiday
P0016,Toy 15,Dolls,10,2022-08-31,140,462,14.87,13.37,Summer
P0033,Toy 21,Action Figures,16,2022-09-01,2,206,19.33,78.8,None
P0009,Toy 47,Action Figures,16,2022-09-02,5,387,21.61,85.52,Holiday
P0006,Toy 9,Action Figures,10,2022-09-03,92,479,34.63,22.27,Holiday
P0016,Toy 9,Dolls,13,2022-09-04,7,278,4.72,45.88,Summer
P0029,Toy 10,Puzzles,6,2022-09-05,171,374,3.66,20.72,Summer
P0003,Toy 26,Board Games,12,2022-09-06,107,325,20.81,72.13,Holiday
P0020,Toy 41,Puzzles,9,2022-09-07,160,471,35.46,55.86,Summer
P0036,Toy 35,Board Games,13,2022-09-08,74,339,11.28,65.36,Summer
P0019,Toy 25,Action Figures,4,2022-09-09,76,356,32.79,23.67,Summer
P0026,Toy 26,Puzzles,11,2022-09-10,49,339,14.47,25.12,Summer
P0003,Toy 11,Board Games,20,2022-09-11,10,203,44.53,8.94,Summer
P0019,Toy 38,Dolls,18,2022-09-12,94,160,44.99,35.6,None
P0020,Toy 2,Dolls,11,2022-09-13,155,27,16.27,58.18,Summer
P0032,Toy 7,Puzzles,4,2022-09-14,69,391,13.04,86.5,Back-to-School
P0007,Toy 18,Puzzles,18,2022-09-15,168,256,21.74,68.36,Holiday
P0041,Toy 27,Action Figures,1,2022-09-16,15,164,13.55,46.36,None
P0033,Toy 34,Puzzles,7,2022-09-17,67,62,34.27,95.55,None
P0040,Toy 27,Action Figures,6,2022-09-18,98,21,41.65,73.33,Summer
P0039,Toy 17,Action Figures,15,2022-09-19,47,69,34.31,93.37,Holiday
P0018,Toy 43,Dolls,18,2022-09-20,183,380,41.57,55.12,Back-to-School
P0040,Toy 44,Dolls,11,2022-09-21,63,404,21.06,29.6,Summer
P0001,Toy 24,Board Games,20,2022-09-22,186,95,9.5,10.02,Holiday
P0011,Toy 25,Dolls,15,2022-09-23,89,162,37.42,73.98,Summer
P0028,Toy 7,Dolls,16,2022-09-24,189,78,19.3,16.52,Summer
P0025,Toy 6,Puzzles,7,2022-09-25,75,4,34.22,33.76,Summer
P0050,Toy 24,Dolls,10,2022-09-26,138,315,14.99,55.58,Summer
P0023,Toy 33,Board Games,12,2022-09-27,100,119,5.9,58.62,Summer
P0031,Toy 49,Puzzles,14,2022-09-28,88,301,49.64,62.06,Summer
P0030,Toy 29,Board Games,5,2022-09-29,17,177,9.5,20.79,Summer
P0042,Toy 43,Dolls,18,2022-09-30,18,175,49.44,41.08,Back-to-School
P0035,Toy 22,Board Games,5,2022-10-01,54,389,48.91,63.63,None
P0007,Toy 26,Puzzles,3,2022-10-02,101,216,40.1,97.13,Back-to-School
P0016,Toy 28,Action Figures,5,2022-10-03,117,55,33.65,74.12,Summer
P0026,Toy 50,Board Games,17,2022-10-04,153,365,29.73,92.65,Summer
P0048,Toy 21,Board Games,19,2022-10-05,133,0,43.57,77.41,Back-to-School
P0049,Toy 49,Puzzles,19,2022-10-06,3,231,15.89,61.21,Back-to-School
P0002,Toy 7,Puzzles,12,2022-10-07,107,254,24.45,23.24,None
P0001,Toy 17,Board Games,9,2022-10-08,114,0,31.73,68.34,Back-to-School
P0048,Toy 20,Dolls,1,2022-10-09,28,454,21.74,64.22,None
P0012,Toy 41,Board Games,18,2022-10-10,58,103,22.52,62.23,Summer
P0005,Toy 49,Puzzles,4,2022-10-11,124,76,17.85,51.53,Holiday
P0037,Toy 20,Action Figures,10,2022-10-12,97,229,29.08,55.22,Holiday
P0032,Toy 22,Action Figures,7,2022-10-13,16,401,42.83,36.77,Holiday
P0009,Toy 28,Dolls,1,2022-10-14,106,257,11.67,54.33,Holiday
P0041,Toy 40,Board Games,17,2022-10-15,42,263,46.85,23.77,Summer
P0035,Toy 49,Action Figures,2,2022-10-16,79,330,35.08,81.49,Holiday
P0019,Toy 7,Board Games,11,2022-10-17,193,480,41.52,22.65,Back-to-School
P0048,Toy 1,Puzzles,9,2022-10-18,161,181,28.7,13.07,Back-to-School
P0016,Toy 32,Action Figures,7,2022-10-19,7,380,39.42,46.44,Holiday
P0003,Toy 13,Dolls,17,2022-10-20,140,255,2.78,67.54,Back-to-School
P0020,Toy 30,Puzzles,17,2022-10-21,105,37,41.28,46.58,None
P0024,Toy 23,Dolls,2,2022-10-22,7,175,3.93,31.29,Summer
P0033,Toy 19,Puzzles,6,2022-10-23,95,26,44.72,58.03,Holiday
P0024,Toy 32,Action Figures,14,2022-10-24,93,275,49.61,37.97,Holiday
P0011,Toy 30,Dolls,6,2022-10-25,64,139,16.12,93.62,Summer
P0049,Toy 29,Dolls,2,2022-10-26,170,298,12.1,92.65,Back-to-School
P0008,Toy 49,Puzzles,1,2022-10-27,38,0,38.74,52.73,Summer
P0036,Toy 45,Dolls,10,2022-10-28,80,286,14.15,36.15,Summer
P0038,Toy 29,Puzzles,5,2022-10-29,186,90,43.55,75.03,Back-to-School
P0040,Toy 30,Puzzles,2,2022-10-30,83,479,6.94,8.49,Summer
P0020,Toy 16,Puzzles,16,2022-10-31,87,60,8.05,50.1,Back-to-School
P0035,Toy 40,Puzzles,2,2022-11-01,85,457,49.0,36.95,Back-to-School
P0048,Toy 19,Action Figures,10,2022-11-02,92,450,34.34,92.45,Summer
P0025,Toy 18,Puzzles,2,2022-11-03,85,364,42.65,6.14,None
P0035,Toy 1,Board Games,16,2022-11-04,43,346,17.57,57.52,Back-to-School
P0025,Toy 14,Dolls,16,2022-11-05,136,162,34.47,75.36,Summer
P0029,Toy 47,Board Games,19,2022-11-06,164,350,30.52,51.08,Back-to-School
P0018,Toy 50,Action Figures,7,2022-11-07,73,142,30.95,13.11,None
P0046,Toy 2,Board Games,12,2022-11-08,35,399,34.76,97.38,None
P0018,Toy 28,Dolls,15,2022-11-09,100,0,29.62,54.21,Holiday
P0002,Toy 49,Board Games,8,2022-11-10,155,268,22.59,63.35,Back-to-School
P0035,Toy 50,Action Figures,6,2022-11-11,169,368,15.24,27.48,Back-to-School
P0016,Toy 30,Puzzles,10,2022-11-12,170,290,38.89,50.93,Summer
P0041,Toy 38,Board Games,3,2022-11-13,169,499,12.86,45.77,Back-to-School
P0036,Toy 4,Action Figures,19,2022-11-14,103,458,35.23,12.12,Holiday
P0033,Toy 1,Action Figures,17,2022-11-15,65,186,13.2,15.09,None
P0004,Toy 8,Dolls,7,2022-11-16,54,0,32.02,84.56,None
P0033,Toy 29,Dolls,20,2022-11-17,199,498,37.86,27.78,Holiday
P0014,Toy 39,Board Games,4,2022-11-18,175,437,12.5,23.52,Back-to-School
P0021,Toy 3,Puzzles,14,2022-11-19,90,458,4.88,52.97,Back-to-School
P0048,Toy 32,Action Figures,20,2022-11-20,21,413,8.29,78.03,Holiday
P0020,Toy 10,Board Games,15,2022-11-21,100,303,31.09,10.88,Summer
P0008,Toy 10,Action Figures,8,2022-11-22,154,290,42.77,59.8,None
P0007,Toy 19,Action Figures,15,2022-11-23,120,85,4.16,16.32,Holiday
P0003,Toy 46,Puzzles,20,2022-11-24,92,165,37.24,8.46,Holiday
P0017,Toy 34,Puzzles,14,2022-11-25,194,0,18.38,10.01,Back-to-School
P0033,Toy 33,Board Games,9,2022-11-26,107,461,24.97,84.25,None
P0048,Toy 23,Puzzles,8,2022-11-27,140,407,46.59,16.21,Back-to-School
P0012,Toy 28,Puzzles,17,2022-11-28,172,113,17.93,9.29,Holiday
P0022,Toy 32,Board Games,2,2022-11-29,9,432,24.34,46.6,Summer
P0022,Toy 50,Puzzles,3,2022-11-30,8,479,2.66,85.18,None
P0046,Toy 7,Dolls,8,2022-12-01,181,355,5.92,29.93,Holiday
P0030,Toy 29,Action Figures,12,2022-12-02,154,415,14.41,45.06,Holiday
P0038,Toy 8,Action Figures,1,2022-12-03,33,182,3.34,8.79,Summer
P0038,Toy 1,Action Figures,10,2022-12-04,128,206,32.31,47.66,Holiday
P0045,Toy 3,Action Figures,20,2022-12-05,159,255,22.47,59.87,Holiday
P0008,Toy 24,Board Games,3,2022-12-06,88,234,28.31,59.24,None
P0027,Toy 23,Action Figures,6,2022-12-07,92,441,10.38,36.58,None
P0027,Toy 8,Action Figures,7,2022-12-08,70,354,16.2,34.98,None
P0034,Toy 47,Action Figures,20,2022-12-09,66,2,33.86,15.13,Back-to-School
P0021,Toy 37,Action Figures,18,2022-12-10,147,207,48.33,39.85,Summer
P0030,Toy 3,Dolls,11,2022-12-11,116,196,4.42,14.45,None
P0033,Toy 33,Action Figures,19,2022-12-12,93,340,44.74,77.83,Back-to-School
P0028,Toy 28,Dolls,5,2022-12-13,162,0,29.69,96.8,Back-to-School
P0047,Toy 47,Board Games,19,2022-12-14,98,137,29.07,97.16,Summer
P0033,Toy 8,Puzzles,11,2022-12-15,112,338,26.01,87.18,Summer
P0005,Toy 34,Action Figures,12,2022-12-16,102,24,5.33,62.08,Holiday
P0048,Toy 35,Puzzles,10,2022-12-17,90,67,6.31,71.58,Back-to-School
P0019,Toy 32,Puzzles,8,2022-12-18,89,60,30.84,32.09,None
P0004,Toy 24,Board Games,9,2022-12-19,16,28,18.37,64.92,Summer
P0035,Toy 14,Puzzles,4,2022-12-20,17,382,46.03,48.29,Back-to-School
P0049,Toy 32,Dolls,5,2022-12-21,172,18,21.52,50.79,None
P0017,Toy 46,Puzzles,8,2022-12-22,115,170,8.88,76.99,Back-to-School
P0044,Toy 43,Puzzles,9,2022-12-23,92,449,36.31,31.78,Summer
P0028,Toy 16,Puzzles,15,2022-12-24,180,73,16.08,35.21,Holiday
P0030,Toy 4,Action Figures,15,2022-12-25,90,60,27.22,92.84,Back-to-School
P0029,Toy 37,Action Figures,16,2022-12-26,81,426,35.5,10.34,None
P0046,Toy 21,Dolls,14,2022-12-27,67,152,45.21,51.14,Summer
P0006,Toy 14,Dolls,8,2022-12-28,192,275,40.03,91.72,Holiday
P0035,Toy 31,Action Figures,18,2022-12-29,113,47,34.47,62.98,None
P0041,Toy 48,Dolls,10,2022-12-30,0,210,34.62,56.91,None
P0037,Toy 18,Action Figures,20,2022-12-31,57,342,47.4,28.73,None
P0024,Toy 7,Board Games,6,2023-01-01,153,407,16.2,37.61,Back-to-School
P0029,Toy 10,Puzzles,12,2023-01-02,108,138,2.05,85.94,Summer
P0049,Toy 7,Puzzles,2,2023-01-03,147,109,15.05,58.13,None
P0046,Toy 33,Dolls,7,2023-01-04,115,481,12.46,53.9,Back-to-School
P0031,Toy 23,Action Figures,16,2023-01-05,86,182,33.77,14.46,Summer
P0035,Toy 21,Action Figures,3,2023-01-06,9,0,32.42,6.52,Summer
P0033,Toy 19,Dolls,13,2023-01-07,58,0,30.49,96.55,Back-to-School
P0021,Toy 48,Action Figures,3,2023-01-08,40,190,2.78,40.81,Back-to-School
P0032,Toy 19,Board Games,18,2023-01-09,104,314,36.98,62.31,None
P0023,Toy 36,Puzzles,11,2023-01-10,132,388,17.53,12.57,Summer
P0033,Toy 29,Dolls,8,2023-01-11,121,50,33.92,69.9,Holiday
P0003,Toy 18,Dolls,6,2023-01-12,192,148,28.72,93.59,Back-to-School
P0018,Toy 2,Action Figures,1,2023-01-13,144,267,18.45,59.69,Summer
P0025,Toy 1,Dolls,1,2023-01-14,21,49,8.46,16.98,Summer
P0042,Toy 47,Board Games,8,2023-01-15,97,387,6.53,60.26,None
P0031,Toy 5,Action Figures,5,2023-01-16,168,245,41.91,77.8,Holiday
P0003,Toy 20,Action Figures,16,2023-01-17,67,112,46.08,43.61,None
P0040,Toy 11,Action Figures,11,2023-01-18,196,169,33.19,88.58,Holiday
P0046,Toy 42,Action Figures,5,2023-01-19,138,467,6.96,66.62,Holiday
P0024,Toy 2,Board Games,4,2023-01-20,55,165,21.3,90.43,Back-to-School
P0050,Toy 3,Action Figures,6,2023-01-21,178,408,36.99,64.23,Summer
P0032,Toy 23,Dolls,14,2023-01-22,148,13,39.43,17.47,Summer
P0047,Toy 12,Board Games,19,2023-01-23,98,202,7.67,34.42,Summer
P0022,Toy 20,Puzzles,9,2023-01-24,75,287,2.0,24.17,Holiday
P0023,Toy 5,Puzzles,12,2023-01-25,25,394,36.18,91.34,Summer
P0002,Toy 37,Dolls,11,2023-01-26,114,188,19.12,77.24,Back-to-School
P0027,Toy 38,Dolls,14,2023-01-27,146,401,14.22,69.26,Holiday
P0042,Toy 30,Board Games,16,2023-01-28,108,154,2.62,33.59,Holiday
P0002,Toy 9,Puzzles,1,2023-01-29,187,54,27.93,22.48,Holiday
P0026,Toy 34,Puzzles,13,2023-01-30,198,181,42.86,76.86,Holiday
P0017,Toy 44,Puzzles,13,2023-01-31,46,209,47.97,50.05,Back-to-School
P0040,Toy 35,Puzzles,2,2023-02-01,70,375,29.16,26.45,Summer
P0033,Toy 22,Puzzles,4,2023-02-02,153,470,26.69,63.58,Back-to-School
P0009,Toy 44,Action Figures,6,2023-02-03,39,74,6.08,8.83,Summer
P0043,Toy 24,Dolls,5,2023-02-04,132,276,28.35,35.99,Back-to-School
P0048,Toy 17,Action Figures,3,2023-02-05,148,427,20.24,49.51,None
P0039,Toy 10,Puzzles,1,2023-02-06,131,132,31.14,19.06,None
P0029,Toy 30,Board Games,4,2023-02-07,22,342,20.66,98.54,None
P0042,Toy 46,Board Games,20,2023-02-08,105,424,13.53,24.86,None
P0026,Toy 23,Puzzles,2,2023-02-09,83,58,6.56,17.38,Holiday
P0035,Toy 32,Puzzles,5,2023-02-10,142,344,17.12,24.34,Holiday
P0050,Toy 17,Board Games,3,2023-02-11,115,488,6.64,78.06,Back-to-School
P0025,Toy 50,Action Figures,9,2023-02-12,108,181,10.49,45.42,Back-to-School
P0024,Toy 17,Action Figures,20,2023-02-13,135,457,49.39,58.71,None
P0013,Toy 14,Puzzles,6,2023-02-14,40,405,23.32,7.0,Summer
P0007,Toy 9,Action Figures,18,2023-02-15,111,338,27.53,8.27,None
P0036,Toy 40,Board Games,6,2023-02-16,146,0,43.93,47.35,Back-to-School
P0045,Toy 2,Action Figures,19,2023-02-17,111,63,49.79,82.58,None
P0020,Toy 45,Puzzles,12,2023-02-18,102,326,29.97,89.1,Back-to-School
P0001,Toy 25,Board Games,11,2023-02-19,45,259,41.0,13.24,None
P0008,Toy 39,Action Figures,2,2023-02-20,155,192,17.69,56.14,Summer
P0046,Toy 9,Dolls,15,2023-02-21,67,142,16.68,91.76,None
P0016,Toy 22,Board Games,12,2023-02-22,121,103,21.33,41.86,Summer
P0014,Toy 43,Board Games,12,2023-02-23,14,459,34.28,83.81,Summer
P0012,Toy 46,Dolls,9,2023-02-24,164,405,34.75,17.7,Back-to-School
P0023,Toy 4,Dolls,2,2023-02-25,128,213,17.13,93.86,Summer
P0015,Toy 26,Board Games,3,2023-02-26,194,241,8.39,76.39,Holiday
P0028,Toy 29,Dolls,12,2023-02-27,110,430,32.36,94.43,Holiday
P0034,Toy 45,Puzzles,16,2023-02-28,23,208,8.16,69.28,Holiday
P0002,Toy 34,Puzzles,1,2023-03-01,26,92,29.77,39.52,Back-to-School
P0032,Toy 23,Puzzles,3,2023-03-02,39,429,35.28,94.13,Holiday
P0023,Toy 37,Board Games,20,2023-03-03,190,141,35.63,31.18,Back-to-School
P0022,Toy 11,Dolls,2,2023-03-04,188,433,38.17,36.56,Back-to-School
P0025,Toy 6,Dolls,9,2023-03-05,163,403,43.9,71.58,Holiday
P0022,Toy 18,Action Figures,19,2023-03-06,23,433,26.0,77.71,Summer
P0022,Toy 21,Action Figures,15,2023-03-07,23,111,37.05,93.29,None
P0049,Toy 42,Dolls,18,2023-03-08,3,416,31.72,24.46,Back-to-School
P0042,Toy 36,Dolls,11,2023-03-09,66,374,10.96,80.81,Holiday
P0006,Toy 41,Dolls,16,2023-03-10,33,58,3.23,75.16,Back-to-School
P0015,Toy 38,Board Games,17,2023-03-11,184,42,15.66,11.06,Summer
P0043,Toy 34,Dolls,5,2023-03-12,176,206,23.27,41.79,Summer
P0037,Toy 17,Action Figures,12,2023-03-13,180,267,31.62,31.86,Holiday
P0033,Toy 37,Board Games,11,2023-03-14,115,295,42.8,33.93,Back-to-School
P0008,Toy 25,Dolls,15,2023-03-15,22,117,11.42,98.38,None
P0044,Toy 38,Action Figures,3,2023-03-16,108,0,8.03,66.06,None
P0044,Toy 12,Board Games,1,2023-03-17,68,221,48.25,73.18,Back-to-School
P0005,Toy 23,Dolls,20,2023-03-18,94,165,7.19,97.78,Back-to-School
P0039,Toy 42,Dolls,16,2023-03-19,180,130,24.97,40.83,Back-to-School
P0004,Toy 22,Dolls,2,2023-03-20,61,155,30.11,81.17,Holiday
P0006,Toy 21,Board Games,2,2023-03-21,168,183,27.99,46.28,Summer
P0045,Toy 27,Action Figures,3,2023-03-22,56,89,6.13,87.61,None
P0032,Toy 31,Action Figures,8,2023-03-23,187,93,4.74,22.16,Holiday
P0030,Toy 6,Puzzles,15,2023-03-24,53,12,7.06,95.03,Back-to-School
P0047,Toy 27,Dolls,7,2023-03-25,69,460,30.11,25.78,Back-to-School
P0035,Toy 40,Puzzles,6,2023-03-26,100,321,28.13,35.99,Summer
P0040,Toy 34,Puzzles,9,2023-03-27,56,292,13.22,76.84,Back-to-School
P0016,Toy 12,Action Figures,20,2023-03-28,137,432,32.61,42.41,Holiday
P0013,Toy 45,Board Games,1,2023-03-29,167,229,41.36,62.78,Holiday
P0050,Toy 7,Board Games,8,2023-03-30,134,321,4.0,47.23,Summer
P0042,Toy 10,Action Figures,3,2023-03-31,102,291,25.91,75.53,Holiday
P0030,Toy 45,Board Games,4,2023-04-01,165,437,35.09,26.69,None
P0019,Toy 17,Puzzles,15,2023-04-02,84,25,14.11,10.55,Holiday
P0017,Toy 26,Dolls,6,2023-04-03,60,74,16.77,33.49,Holiday
P0019,Toy 21,Action Figures,15,2023-04-04,2,455,31.45,50.06,Holiday
P0028,Toy 28,Dolls,3,2023-04-05,127,363,45.1,20.96,None
P0026,Toy 46,Board Games,14,2023-04-06,178,423,40.88,38.71,Back-to-School
P0037,Toy 2,Dolls,20,2023-04-07,85,298,29.99,43.0,Holiday
P0026,Toy 43,Board Games,14,2023-04-08,46,149,37.05,10.45,Summer
P0023,Toy 1,Board Games,4,2023-04-09,195,147,19.51,60.41,None
P0009,Toy 36,Puzzles,12,2023-04-10,75,7,32.77,89.01,Summer
P0012,Toy 26,Board Games,17,2023-04-11,37,28,24.38,19.42,Holiday
P0001,Toy 29,Puzzles,7,2023-04-12,163,295,11.12,61.79,Summer
P0001,Toy 21,Puzzles,9,2023-04-13,168,473,35.68,68.15,Holiday
P0047,Toy 11,Puzzles,3,2023-04-14,196,413,28.71,44.84,None
P0034,Toy 40,Action Figures,13,2023-04-15,140,208,19.21,71.6,Summer
P0032,Toy 11,Action Figures,15,2023-04-16,86,127,45.74,44.02,Summer
P0048,Toy 36,Board Games,18,2023-04-17,57,339,3.0,52.94,Holiday
P0025,Toy 49,Puzzles,19,2023-04-18,49,115,17.16,5.7,Holiday
P0040,Toy 39,Action Figures,1,2023-04-19,29,438,4.73,70.71,Back-to-School
P0045,Toy 40,Puzzles,6,2023-04-20,189,143,38.79,67.83,Holiday
P0001,Toy 35,Dolls,2,2023-04-21,100,429,35.7,8.65,Holiday
P0016,Toy 34,Dolls,14,2023-04-22,24,317,17.9,39.98,Back-to-School
P0039,Toy 47,Dolls,6,2023-04-23,111,234,34.43,98.01,Holiday
P0005,Toy 24,Board Games,14,2023-04-24,154,6,21.0,44.97,Holiday
P0022,Toy 22,Puzzles,4,2023-04-25,178,463,38.3,52.68,Back-to-School
P0029,Toy 5,Dolls,8,2023-04-26,184,44,23.8,91.44,None
P0003,Toy 33,Action Figures,3,2023-04-27,125,442,21.79,73.14,None
P0012,Toy 36,Dolls,19,2023-04-28,122,238,46.87,60.3,Holiday
P0026,Toy 47,Dolls,14,2023-04-29,46,439,14.04,80.79,Holiday
P0016,Toy 20,Dolls,20,2023-04-30,117,431,7.78,87.11,Back-to-School
P0037,Toy 19,Board Games,17,2023-05-01,38,154,30.06,48.4,Back-to-School
P0022,Toy 35,Action Figures,8,2023-05-02,15,180,48.53,50.14,None
P0029,Toy 43,Puzzles,14,2023-05-03,21,214,20.14,41.67,Summer
P0014,Toy 17,Action Figures,6,2023-05-04,53,87,4.98,96.84,Holiday
P0028,Toy 45,Puzzles,16,2023-05-05,148,255,18.29,71.23,Summer
P0005,Toy 43,Board Games,19,2023-05-06,199,72,26.28,12.91,Summer
P0047,Toy 34,Board Games,14,2023-05-07,15,418,9.77,86.98,Back-to-School
P0049,Toy 9,Board Games,19,2023-05-08,58,178,33.59,50.65,Holiday
P0030,Toy 26,Board Games,3,2023-05-09,30,211,49.89,11.53,Holiday
P0046,Toy 2,Puzzles,10,2023-05-10,169,292,23.68,57.22,Back-to-School
P0005,Toy 9,Dolls,19,2023-05-11,31,233,19.03,44.63,Summer
P0012,Toy 9,Puzzles,9,2023-05-12,186,464,21.23,88.39,Back-to-School
P0016,Toy 40,Action Figures,20,2023-05-13,161,238,7.53,24.38,None
P0026,Toy 17,Board Games,13,2023-05-14,8,222,44.4,83.51,Holiday
P0026,Toy 1,Board Games,7,2023-05-15,138,0,21.91,57.98,None
P0048,Toy 25,Action Figures,14,2023-05-16,9,312,20.59,10.19,Back-to-School
P0021,Toy 43,Puzzles,9,2023-05-17,16,263,33.67,97.33,Holiday
P0039,Toy 40,Dolls,19,2023-05-18,67,206,23.22,53.7,None
P0036,Toy 42,Dolls,15,2023-05-19,47,94,33.12,32.63,None
P0033,Toy 25,Action Figures,20,2023-05-20,179,372,4.95,49.59,Summer
P0030,Toy 39,Dolls,14,2023-05-21,110,221,41.06,86.5,Holiday
P0037,Toy 35,Puzzles,6,2023-05-22,152,365,47.14,33.97,None
P0023,Toy 3,Puzzles,4,2023-05-23,122,275,33.14,23.3,None
P0010,Toy 50,Action Figures,8,2023-05-24,148,379,47.82,17.26,Summer
P0005,Toy 37,Puzzles,17,2023-05-25,100,230,9.27,33.3,None
P0036,Toy 44,Board Games,9,2023-05-26,101,308,24.92,79.1,None
P0034,Toy 44,Action Figures,1,2023-05-27,64,118,30.89,49.8,None
P0031,Toy 30,Puzzles,20,2023-05-28,190,267,29.92,26.61,Summer
P0010,Toy 38,Action Figures,14,2023-05-29,50,0,21.27,20.79,None
P0019,Toy 34,Dolls,11,2023-05-30,35,272,18.23,36.61,None
P0032,Toy 12,Puzzles,3,2023-05-31,80,63,8.09,94.29,Holiday
P0001,Toy 19,Board Games,9,2023-06-01,126,297,20.8,37.59,Holiday
P0005,Toy 37,Puzzles,14,2023-06-02,87,349,9.81,98.87,Summer
P0045,Toy 44,Action Figures,9,2023-06-03,193,412,37.25,51.1,Back-to-School
P0004,Toy 49,Action Figures,4,2023-06-04,103,402,12.02,22.02,Holiday
P0016,Toy 17,Puzzles,4,2023-06-05,14,493,4.81,89.66,Summer
P0024,Toy 10,Board Games,8,2023-06-06,95,0,28.51,48.73,None
P0016,Toy 49,Board Games,2,2023-06-07,166,97,30.57,72.42,None
P0002,Toy 47,Board Games,9,2023-06-08,122,433,43.85,98.45,Summer
P0049,Toy 12,Action Figures,14,2023-06-09,197,70,29.7,9.77,None
P0028,Toy 16,Puzzles,9,2023-06-10,0,363,18.58,14.19,None
P0032,Toy 24,Dolls,16,2023-06-11,150,57,40.54,73.44,Back-to-School
P0027,Toy 19,Action Figures,17,2023-06-12,121,0,27.93,31.77,None
P0020,Toy 8,Board Games,16,2023-06-13,166,250,5.81,22.51,Holiday
P0024,Toy 31,Puzzles,12,2023-06-14,125,275,29.16,8.74,None
P0012,Toy 21,Board Games,3,2023-06-15,56,49,45.58,7.08,Summer
P0050,Toy 17,Dolls,11,2023-06-16,80,357,21.02,78.58,Back-to-School
P0035,Toy 23,Board Games,14,2023-06-17,161,215,16.22,17.77,None
P0033,Toy 37,Board Games,18,2023-06-18,168,393,8.89,49.43,Summer
P0033,Toy 16,Dolls,5,2023-06-19,72,415,9.27,62.56,Holiday
P0043,Toy 6,Puzzles,16,2023-06-20,140,51,22.77,45.69,None
P0037,Toy 8,Action Figures,20,2023-06-21,69,270,30.59,7.58,Back-to-School
P0012,Toy 25,Puzzles,5,2023-06-22,5,484,5.87,79.43,None
P0003,Toy 18,Dolls,3,2023-06-23,83,83,47.1,6.0,Summer
P0001,Toy 25,Board Games,12,2023-06-24,51,386,38.25,77.38,Back-to-School
P0033,Toy 12,Puzzles,1,2023-06-25,2,292,30.16,89.86,None
P0040,Toy 15,Action Figures,9,2023-06-26,80,125,41.77,46.12,Holiday
P0010,Toy 26,Dolls,9,2023-06-27,62,295,5.85,55.88,Back-to-School
P0043,Toy 41,Puzzles,4,2023-06-28,48,71,24.89,50.31,Holiday
P0044,Toy 45,Action Figures,3,2023-06-29,75,295,32.24,41.97,Summer
P0029,Toy 26,Dolls,17,2023-06-30,111,235,41.78,89.31,None
P0013,Toy 47,Action Figures,2,2023-07-01,174,55,39.61,89.92,Holiday
P0012,Toy 32,Dolls,1,2023-07-02,108,406,15.3,36.9,Summer
P0031,Toy 10,Board Games,8,2023-07-03,182,359,47.16,63.43,None
P0046,Toy 16,Puzzles,13,2023-07-04,191,0,7.97,93.06,Summer
P0002,Toy 7,Action Figures,15,2023-07-05,64,109,44.01,96.4,Holiday
P0050,Toy 17,Dolls,8,2023-07-06,80,191,48.61,53.35,Summer
P0035,Toy 23,Action Figures,12,2023-07-07,194,391,10.5,48.02,Back-to-School
P0023,Toy 26,Action Figures,12,2023-07-08,14,92,36.66,31.48,None
P0017,Toy 21,Puzzles,14,2023-07-09,99,349,3.93,96.09,Summer
P0026,Toy 22,Board Games,15,2023-07-10,31,55,21.46,18.57,Holiday
P0008,Toy 7,Action Figures,15,2023-07-11,95,59,26.78,60.08,None
P0029,Toy 14,Dolls,9,2023-07-12,127,137,29.87,31.84,Back-to-School
P0026,Toy 15,Dolls,19,2023-07-13,195,38,46.92,31.51,None
P0010,Toy 7,Board Games,20,2023-07-14,145,27,34.27,43.47,Back-to-School
P0026,Toy 9,Dolls,8,2023-07-15,112,48,25.1,99.89,None
P0034,Toy 48,Board Games,19,2023-07-16,82,419,40.86,10.22,Summer
P0041,Toy 8,Dolls,6,2023-07-17,42,124,47.63,59.96,Summer
P0007,Toy 50,Puzzles,20,2023-07-18,115,12,3.06,12.84,Holiday
P0004,Toy 23,Action Figures,19,2023-07-19,162,479,49.16,19.68,Back-to-School
P0050,Toy 29,Puzzles,4,2023-07-20,77,35,6.13,46.76,Holiday
P0045,Toy 18,Action Figures,7,2023-07-21,57,100,41.09,53.49,Summer
P0011,Toy 31,Action Figures,4,2023-07-22,32,281,15.46,29.59,Back-to-School
P0029,Toy 30,Action Figures,12,2023-07-23,13,85,8.34,35.06,Holiday
P0036,Toy 39,Puzzles,13,2023-07-24,161,3,23.11,13.26,Holiday
P0025,Toy 35,Action Figures,3,2023-07-25,188,222,32.91,33.81,Holiday
P0021,Toy 18,Puzzles,12,2023-07-26,131,337,20.29,96.82,Holiday
P0036,Toy 42,Board Games,2,2023-07-27,58,447,4.62,94.75,Holiday
P0010,Toy 39,Dolls,2,2023-07-28,156,165,30.77,36.81,Back-to-School
P0037,Toy 17,Dolls,9,2023-07-29,82,382,45.32,59.23,Holiday
P0009,Toy 14,Action Figures,1,2023-07-30,133,343,20.39,91.41,Back-to-School
P0024,Toy 31,Puzzles,8,2023-07-31,120,382,12.38,5.59,Holiday
P0035,Toy 24,Dolls,6,2023-08-01,176,375,23.24,82.01,Summer
P0049,Toy 35,Puzzles,6,2023-08-02,167,470,4.32,95.1,Summer
P0035,Toy 44,Puzzles,18,2023-08-03,82,277,41.38,13.68,Holiday
P0048,Toy 45,Action Figures,17,2023-08-04,192,129,41.66,20.34,None
P0036,Toy 34,Dolls,12,2023-08-05,196,30,30.22,96.27,Summer
P0018,Toy 3,Action Figures,6,2023-08-06,26,374,18.95,56.07,Back-to-School
P0049,Toy 37,Action Figures,8,2023-08-07,79,10,40.39,6.35,Holiday
P0039,Toy 43,Dolls,19,2023-08-08,133,0,28.62,29.48,Back-to-School
P0032,Toy 40,Dolls,10,2023-08-09,12,301,41.64,47.74,None
P0024,Toy 26,Board Games,1,2023-08-10,63,95,32.31,70.83,Holiday
P0023,Toy 23,Board Games,13,2023-08-11,189,189,39.65,74.65,Summer
P0032,Toy 44,Puzzles,17,2023-08-12,146,452,30.73,99.57,Back-to-School
P0037,Toy 39,Dolls,3,2023-08-13,79,191,21.88,32.31,Summer
P0012,Toy 15,Board Games,8,2023-08-14,122,485,47.98,56.13,Summer
P0049,Toy 49,Puzzles,14,2023-08-15,42,265,27.97,55.67,Holiday
P0013,Toy 4,Puzzles,3,2023-08-16,88,423,31.04,43.54,Back-to-School
P0023,Toy 29,Puzzles,16,2023-08-17,147,127,12.58,21.07,None
P0025,Toy 22,Board Games,13,2023-08-18,94,237,32.03,97.86,Summer
P0035,Toy 25,Dolls,20,2023-08-19,195,407,29.44,86.07,Holiday
P0041,Toy 13,Action Figures,17,2023-08-20,171,354,10.87,52.34,Holiday
P0030,Toy 18,Puzzles,13,2023-08-21,150,427,4.86,62.31,None
P0017,Toy 33,Board Games,6,2023-08-22,1,111,31.01,26.59,Holiday
P0049,Toy 16,Board Games,17,2023-08-23,119,315,38.66,56.66,Summer
P0020,Toy 45,Action Figures,14,2023-08-24,21,445,27.12,71.02,Holiday
P0048,Toy 42,Action Figures,17,2023-08-25,114,0,12.89,53.94,Back-to-School
P0025,Toy 44,Board Games,8,2023-08-26,56,144,33.99,99.08,Back-to-School
P0022,Toy 2,Dolls,11,2023-08-27,71,64,5.85,63.08,Summer
P0013,Toy 35,Action Figures,20,2023-08-28,6,246,23.21,40.24,Back-to-School
P0019,Toy 42,Board Games,1,2023-08-29,183,222,9.84,78.35,None
P0049,Toy 34,Action Figures,7,2023-08-30,118,478,10.85,21.19,Holiday
P0036,Toy 30,Dolls,17,2023-08-31,194,489,11.71,41.53,Summer
P0012,Toy 13,Puzzles,10,2023-09-01,113,312,20.56,37.96,None
P0041,Toy 13,Action Figures,11,2023-09-02,15,438,4.46,46.02,Holiday
P0019,Toy 18,Dolls,9,2023-09-03,82,105,21.09,79.27,None
P0012,Toy 32,Board Games,9,2023-09-04,178,180,26.56,51.0,Summer
P0009,Toy 32,Action Figures,5,2023-09-05,71,183,25.2,80.43,Summer
P0007,Toy 35,Action Figures,17,2023-09-06,123,225,20.37,59.77,None
P0028,Toy 39,Board Games,9,2023-09-07,112,264,42.28,37.5,Holiday
P0014,Toy 46,Puzzles,17,2023-09-08,11,277,8.98,81.95,Back-to-School
P0031,Toy 29,Board Games,19,2023-09-09,125,396,26.27,27.64,Back-to-School
P0019,Toy 49,Action Figures,7,2023-09-10,52,88,4.98,26.32,None
P0047,Toy 29,Board Games,9,2023-09-11,74,175,5.42,52.93,Summer
P0016,Toy 44,Dolls,7,2023-09-12,132,17,29.55,29.78,Holiday
P0005,Toy 16,Board Games,13,2023-09-13,26,370,29.17,5.86,Holiday
P0035,Toy 44,Action Figures,11,2023-09-14,139,0,44.15,66.59,Summer
P0012,Toy 47,Board Games,14,2023-09-15,144,423,28.78,53.55,Back-to-School
P0025,Toy 10,Puzzles,19,2023-09-16,133,400,48.07,47.32,Holiday
P0021,Toy 30,Board Games,11,2023-09-17,96,398,4.34,96.86,None
P0036,Toy 25,Puzzles,13,2023-09-18,4,105,6.7,59.26,Back-to-School
P0023,Toy 39,Dolls,14,2023-09-19,56,0,4.12,87.03,None
P0016,Toy 20,Puzzles,13,2023-09-20,155,462,10.89,18.25,Back-to-School
P0039,Toy 5,Board Games,1,2023-09-21,77,318,27.98,59.07,Summer
P0045,Toy 1,Action Figures,8,2023-09-22,68,166,32.99,87.46,None
P0042,Toy 30,Puzzles,12,2023-09-23,117,12,4.19,60.4,None
P0039,Toy 49,Dolls,19,2023-09-24,119,336,47.41,73.21,Summer
P0014,Toy 3,Puzzles,12,2023-09-25,58,31,42.42,40.34,None
P0031,Toy 45,Puzzles,8,2023-09-26,32,392,16.24,13.78,Back-to-School
P0005,Toy 14,Puzzles,8,2023-09-27,61,39,5.71,48.5,Holiday
P0035,Toy 30,Dolls,13,2023-09-28,49,147,10.15,42.48,Holiday
P0023,Toy 50,Board Games,12,2023-09-29,111,0,8.09,87.37,Summer
P0029,Toy 4,Puzzles,16,2023-09-30,18,218,7.92,28.18,Back-to-School
P0043,Toy 18,Puzzles,1,2023-10-01,196,468,26.89,96.84,None
P0011,Toy 37,Action Figures,13,2023-10-02,122,81,13.8,96.02,None
P0018,Toy 25,Dolls,7,2023-10-03,193,332,19.19,28.53,Holiday
P0047,Toy 48,Puzzles,5,2023-10-04,46,207,49.5,38.06,None
P0012,Toy 1,Dolls,8,2023-10-05,166,200,34.85,90.08,Holiday
P0009,Toy 46,Puzzles,14,2023-10-06,195,446,47.55,96.83,Summer
P0010,Toy 15,Board Games,13,2023-10-07,32,331,8.84,47.13,None
P0044,Toy 9,Board Games,15,2023-10-08,140,427,20.34,35.49,Back-to-School
P0017,Toy 15,Puzzles,17,2023-10-09,83,37,28.63,54.98,None
P0038,Toy 49,Board Games,15,2023-10-10,181,210,5.68,70.34,Holiday
P0007,Toy 24,Puzzles,20,2023-10-11,134,443,2.2,30.98,Summer
P0046,Toy 4,Board Games,18,2023-10-12,78,326,34.18,74.96,Holiday
P0013,Toy 12,Action Figures,18,2023-10-13,13,248,32.81,9.91,None
P0040,Toy 37,Action Figures,2,2023-10-14,146,226,21.72,9.68,Holiday
P0042,Toy 37,Action Figures,4,2023-10-15,127,47,25.5,41.7,Holiday
P0009,Toy 43,Dolls,1,2023-10-16,53,17,21.94,38.58,Summer
P0050,Toy 6,Dolls,4,2023-10-17,147,399,3.15,34.99,Back-to-School
P0027,Toy 39,Action Figures,18,2023-10-18,28,438,18.1,51.65,None
P0002,Toy 46,Dolls,5,2023-10-19,23,294,10.5,35.47,Summer
P0005,Toy 24,Board Games,19,2023-10-20,81,195,6.72,23.26,Back-to-School
P0029,Toy 11,Puzzles,15,2023-10-21,62,186,47.92,34.4,Holiday
P0037,Toy 13,Puzzles,8,2023-10-22,104,344,30.77,97.62,Back-to-School
P0038,Toy 34,Puzzles,20,2023-10-23,56,0,36.98,44.06,Holiday
P0019,Toy 25,Action Figures,17,2023-10-24,135,317,17.14,47.25,Holiday
P0008,Toy 7,Dolls,1,2023-10-25,61,487,20.87,59.77,Summer
P0048,Toy 4,Board Games,12,2023-10-26,156,396,13.37,98.42,Holiday
P0045,Toy 8,Board Games,19,2023-10-27,16,364,6.65,27.95,Summer
P0001,Toy 20,Action Figures,15,2023-10-28,65,336,10.59,69.72,Back-to-School
P0022,Toy 29,Board Games,9,2023-10-29,5,496,40.28,73.02,Back-to-School
P0017,Toy 45,Board Games,7,2023-10-30,57,228,34.52,62.7,Holiday
P0007,Toy 46,Board Games,2,2023-10-31,68,389,28.25,13.41,Summer
P0025,Toy 10,Board Games,9,2023-11-01,155,466,24.8,69.3,Holiday
P0045,Toy 43,Dolls,10,2023-11-02,61,76,46.28,11.09,Summer
P0004,Toy 34,Board Games,2,2023-11-03,168,187,5.49,61.63,Summer
P0036,Toy 26,Puzzles,19,2023-11-04,196,345,15.47,75.26,Summer
P0006,Toy 41,Action Figures,11,2023-11-05,81,269,18.8,25.04,Back-to-School
P0031,Toy 49,Dolls,13,2023-11-06,168,94,39.56,84.95,Summer
P0019,Toy 3,Board Games,10,2023-11-07,176,309,49.64,7.88,Back-to-School
P0044,Toy 6,Dolls,14,2023-11-08,176,131,13.55,85.16,Summer
P0039,Toy 5,Board Games,18,2023-11-09,70,38,43.97,48.73,Back-to-School
P0027,Toy 5,Puzzles,19,2023-11-10,130,0,41.87,25.67,None
P0010,Toy 47,Action Figures,9,2023-11-11,9,280,12.78,17.71,Back-to-School
P0026,Toy 23,Board Games,7,2023-11-12,97,332,21.17,95.56,Back-to-School
P0019,Toy 49,Board Games,3,2023-11-13,88,159,21.66,11.9,Holiday
P0039,Toy 9,Board Games,20,2023-11-14,34,186,48.95,23.91,Summer
P0003,Toy 35,Board Games,6,2023-11-15,1,485,10.68,38.04,None
P0045,Toy 20,Action Figures,2,2023-11-16,123,190,40.36,63.92,Holiday
P0013,Toy 49,Action Figures,6,2023-11-17,23,421,18.04,56.76,Summer
P0050,Toy 42,Puzzles,3,2023-11-18,73,119,37.08,16.94,None
P0028,Toy 35,Action Figures,16,2023-11-19,165,0,22.16,32.52,None
P0020,Toy 50,Board Games,8,2023-11-20,21,52,29.76,27.68,None
P0028,Toy 18,Puzzles,2,2023-11-21,153,221,41.97,25.29,Summer
P0008,Toy 17,Puzzles,17,2023-11-22,170,450,40.6,44.06,None
P0041,Toy 24,Puzzles,9,2023-11-23,182,411,43.59,71.88,None
P0039,Toy 3,Board Games,12,2023-11-24,38,130,4.86,25.66,Holiday
P0001,Toy 32,Dolls,3,2023-11-25,156,236,35.22,39.83,Back-to-School
P0003,Toy 35,Board Games,11,2023-11-26,19,245,8.72,42.14,Summer
P0013,Toy 38,Action Figures,1,2023-11-27,40,225,21.96,97.76,Back-to-School
P0028,Toy 13,Action Figures,13,2023-11-28,181,207,28.33,95.69,Holiday
P0049,Toy 47,Board Games,15,2023-11-29,147,405,21.33,81.01,Back-to-School
P0025,Toy 25,Board Games,5,2023-11-30,107,95,26.94,27.96,None
P0033,Toy 9,Puzzles,17,2023-12-01,146,421,49.83,11.46,None
P0038,Toy 4,Board Games,6,2023-12-02,83,199,8.49,35.11,Summer
P0006,Toy 14,Puzzles,11,2023-12-03,110,246,34.42,30.35,Summer
P0044,Toy 37,Action Figures,18,2023-12-04,65,71,21.01,53.06,Summer
P0045,Toy 34,Puzzles,4,2023-12-05,157,317,8.38,78.88,Holiday
P0032,Toy 11,Board Games,3,2023-12-06,52,184,9.62,86.54,Summer
P0045,Toy 41,Action Figures,13,2023-12-07,33,5,47.57,85.26,Holiday
P0047,Toy 3,Dolls,9,2023-12-08,149,205,44.22,39.17,None
P0021,Toy 28,Puzzles,6,2023-12-09,66,31,45.54,70.29,Back-to-School
P0016,Toy 29,Action Figures,12,2023-12-10,133,98,49.59,34.72,None
P0021,Toy 9,Puzzles,2,2023-12-11,26,393,12.0,10.79,None
P0011,Toy 3,Action Figures,3,2023-12-12,9,386,19.06,71.65,None
P0037,Toy 25,Action Figures,3,2023-12-13,72,255,34.12,5.93,Summer
P0036,Toy 34,Puzzles,12,2023-12-14,95,186,25.22,43.87,Summer
P0035,Toy 12,Dolls,15,2023-12-15,47,75,22.08,36.29,Summer
P0019,Toy 42,Action Figures,9,2023-12-16,69,176,19.17,70.87,Back-to-School
P0020,Toy 9,Action Figures,8,2023-12-17,186,314,30.5,77.79,Summer
P0018,Toy 15,Action Figures,11,2023-12-18,99,286,29.63,33.89,Holiday
P0047,Toy 40,Dolls,16,2023-12-19,58,348,9.75,82.1,None
P0041,Toy 25,Dolls,4,2023-12-20,1,254,24.64,32.92,Back-to-School
P0049,Toy 5,Board Games,1,2023-12-21,156,324,28.57,47.4,Back-to-School
P0014,Toy 11,Puzzles,7,2023-12-22,195,189,29.37,74.07,Back-to-School
P0015,Toy 34,Dolls,2,2023-12-23,64,307,12.09,70.83,Back-to-School
P0031,Toy 24,Puzzles,5,2023-12-24,82,344,37.63,98.8,Back-to-School
P0001,Toy 15,Board Games,7,2023-12-25,153,126,3.21,26.39,Holiday
P0003,Toy 38,Puzzles,4,2023-12-26,9,424,19.03,67.92,None
P0016,Toy 8,Dolls,5,2023-12-27,52,286,39.45,62.92,Back-to-School
P0023,Toy 5,Puzzles,1,2023-12-28,78,253,29.07,91.93,None
P0011,Toy 48,Dolls,1,2023-12-29,58,212,14.54,19.85,Summer
P0012,Toy 26,Puzzles,15,2023-12-30,149,249,35.36,76.42,Back-to-School
P0010,Toy 18,Dolls,20,2023-12-31,178,83,29.23,58.99,Back-to-School
P0032,Toy 6,Dolls,19,2024-01-01,47,486,40.22,31.09,None
P0016,Toy 37,Puzzles,10,2024-01-02,148,382,37.28,50.07,Back-to-School
P0008,Toy 48,Board Games,18,2024-01-03,122,405,31.29,36.71,Back-to-School
P0038,Toy 13,Action Figures,3,2024-01-04,21,387,25.43,60.03,Back-to-School
P0012,Toy 28,Board Games,11,2024-01-05,99,12,8.39,89.46,Holiday
P0024,Toy 5,Puzzles,15,2024-01-06,97,44,14.54,59.08,Holiday
P0028,Toy 13,Board Games,11,2024-01-07,157,126,22.12,65.01,Back-to-School
P0008,Toy 17,Dolls,17,2024-01-08,24,0,30.77,54.28,Holiday
P0028,Toy 50,Action Figures,17,2024-01-09,27,113,26.66,9.86,Summer
P0036,Toy 40,Puzzles,6,2024-01-10,192,432,15.83,27.12,Back-to-School
P0026,Toy 45,Puzzles,5,2024-01-11,112,0,2.31,51.74,Summer
P0008,Toy 32,Puzzles,8,2024-01-12,44,499,25.82,34.47,None
P0050,Toy 29,Action Figures,2,2024-01-13,67,204,15.71,22.27,Summer
P0028,Toy 3,Dolls,16,2024-01-14,6,336,37.26,52.89,None
P0028,Toy 40,Puzzles,20,2024-01-15,48,437,3.15,35.67,Back-to-School
P0037,Toy 34,Board Games,12,2024-01-16,136,419,30.07,29.52,None
P0041,Toy 40,Puzzles,6,2024-01-17,163,480,47.19,49.08,None
P0036,Toy 27,Puzzles,1,2024-01-18,82,384,10.37,17.66,Summer
P0027,Toy 13,Puzzles,4,2024-01-19,128,398,24.64,93.14,Summer
P0017,Toy 45,Puzzles,17,2024-01-20,137,460,6.39,87.43,Summer
P0009,Toy 33,Dolls,13,2024-01-21,163,272,32.03,72.22,Back-to-School
P0033,Toy 6,Board Games,18,2024-01-22,72,407,28.43,15.09,Back-to-School
P0020,Toy 24,Dolls,5,2024-01-23,45,57,21.55,78.71,Summer
P0013,Toy 19,Board Games,3,2024-01-24,105,327,27.03,81.76,Back-to-School
P0028,Toy 16,Puzzles,11,2024-01-25,159,497,45.04,77.94,Back-to-School
P0048,Toy 40,Action Figures,13,2024-01-26,31,218,11.42,15.83,None
P0029,Toy 28,Dolls,4,2024-01-27,5,108,3.08,66.17,None
P0013,Toy 33,Action Figures,14,2024-01-28,175,278,43.36,84.26,Summer
P0046,Toy 48,Dolls,11,2024-01-29,165,173,29.7,59.85,Back-to-School
P0035,Toy 41,Puzzles,10,2024-01-30,144,327,44.75,66.41,None
P0006,Toy 13,Dolls,19,2024-01-31,73,263,30.65,48.54,Holiday
P0018,Toy 43,Puzzles,18,2024-02-01,113,0,40.89,55.23,Back-to-School
P0005,Toy 45,Dolls,6,2024-02-02,26,473,22.62,8.27,Holiday
P0047,Toy 25,Puzzles,15,2024-02-03,53,110,37.99,65.7,Summer
P0025,Toy 42,Puzzles,10,2024-02-04,177,186,45.83,12.74,Back-to-School
P0002,Toy 36,Board Games,5,2024-02-05,162,268,29.46,46.33,Summer
P0010,Toy 27,Puzzles,5,2024-02-06,84,422,10.68,32.8,Summer
P0030,Toy 38,Board Games,10,2024-02-07,126,228,14.9,56.82,Summer
P0050,Toy 7,Puzzles,5,2024-02-08,152,496,11.53,17.67,Summer
P0045,Toy 5,Action Figures,3,2024-02-09,155,155,13.85,70.71,Summer
P0005,Toy 43,Puzzles,6,2024-02-10,110,472,16.71,80.53,Back-to-School
P0033,Toy 45,Action Figures,4,2024-02-11,14,188,28.65,20.52,Holiday
P0001,Toy 31,Action Figures,18,2024-02-12,131,271,30.22,14.91,Back-to-School
P0018,Toy 23,Puzzles,9,2024-02-13,92,374,22.47,18.82,Back-to-School
P0032,Toy 42,Action Figures,17,2024-02-14,122,1,31.54,88.33,Back-to-School
P0047,Toy 10,Board Games,13,2024-02-15,72,245,5.92,55.18,None
P0049,Toy 32,Dolls,15,2024-02-16,154,209,6.21,49.39,None
P0011,Toy 43,Puzzles,20,2024-02-17,153,400,10.25,15.14,Back-to-School
P0021,Toy 30,Action Figures,17,2024-02-18,146,285,26.87,66.71,Holiday
P0026,Toy 39,Puzzles,13,2024-02-19,91,358,12.27,87.46,Back-to-School
P0025,Toy 31,Board Games,16,2024-02-20,16,12,15.6,83.68,Summer
P0022,Toy 18,Puzzles,4,2024-02-21,42,95,21.22,64.48,None
P0027,Toy 36,Puzzles,5,2024-02-22,120,497,40.97,12.15,None
P0049,Toy 2,Action Figures,5,2024-02-23,40,220,2.67,15.68,Back-to-School
P0013,Toy 14,Board Games,9,2024-02-24,169,237,33.17,9.68,Back-to-School
P0033,Toy 13,Dolls,17,2024-02-25,177,93,34.11,29.46,Holiday
P0034,Toy 29,Dolls,13,2024-02-26,167,337,40.34,17.89,Holiday
P0041,Toy 12,Action Figures,2,2024-02-27,38,268,46.77,29.7,Summer
P0035,Toy 39,Puzzles,13,2024-02-28,112,170,2.97,41.58,Back-to-School
P0001,Toy 2,Action Figures,19,2024-02-29,150,468,9.38,94.58,Back-to-School
P0021,Toy 32,Action Figures,3,2024-03-01,110,93,44.54,62.99,Back-to-School
P0048,Toy 13,Action Figures,10,2024-03-02,179,148,24.01,84.32,None
P0006,Toy 46,Puzzles,2,2024-03-03,46,111,29.1,72.48,Summer
P0028,Toy 27,Board Games,13,2024-03-04,62,54,33.83,15.69,Holiday
P0017,Toy 49,Action Figures,19,2024-03-05,109,336,34.6,74.91,None
P0005,Toy 41,Puzzles,17,2024-03-06,68,423,46.72,31.13,None
P0031,Toy 17,Board Games,14,2024-03-07,42,466,49.85,65.72,None
P0005,Toy 40,Action Figures,12,2024-03-08,175,115,36.57,37.39,None
P0038,Toy 31,Dolls,12,2024-03-09,33,142,15.79,99.78,Summer
P0003,Toy 34,Board Games,11,2024-03-10,39,200,44.23,30.04,Back-to-School
P0023,Toy 24,Action Figures,7,2024-03-11,60,179,4.36,31.52,Holiday
P0037,Toy 45,Board Games,4,2024-03-12,177,201,13.09,93.41,Holiday
P0037,Toy 35,Board Games,19,2024-03-13,194,363,45.07,7.34,None
P0010,Toy 48,Board Games,1,2024-03-14,61,478,14.3,71.19,None
P0010,Toy 6,Board Games,3,2024-03-15,57,52,12.59,73.91,Summer
P0019,Toy 19,Board Games,13,2024-03-16,160,470,8.63,84.46,None
P0017,Toy 30,Board Games,15,2024-03-17,74,383,43.24,97.57,Holiday
P0021,Toy 7,Action Figures,2,2024-03-18,15,179,26.0,97.68,Holiday
P0014,Toy 10,Dolls,11,2024-03-19,81,413,34.39,11.2,Back-to-School
P0009,Toy 41,Puzzles,4,2024-03-20,93,416,13.48,83.07,Back-to-School
P0046,Toy 32,Board Games,19,2024-03-21,47,312,38.39,66.4,Holiday
P0001,Toy 34,Puzzles,17,2024-03-22,137,0,38.48,66.5,Holiday
P0045,Toy 28,Action Figures,3,2024-03-23,81,136,17.0,17.19,Summer
P0013,Toy 15,Board Games,18,2024-03-24,37,181,21.71,66.77,Summer
P0004,Toy 30,Dolls,8,2024-03-25,126,366,12.07,98.34,Holiday
P0001,Toy 37,Puzzles,19,2024-03-26,18,0,48.87,91.62,None
P0049,Toy 29,Board Games,5,2024-03-27,163,43,32.99,46.72,Back-to-School
P0040,Toy 22,Action Figures,7,2024-03-28,186,226,46.86,8.8,Holiday
P0032,Toy 4,Dolls,8,2024-03-29,62,330,16.56,39.42,None
P0034,Toy 20,Puzzles,5,2024-03-30,76,97,39.53,83.51,Holiday
P0028,Toy 32,Puzzles,17,2024-03-31,173,207,38.76,71.64,Back-to-School
P0031,Toy 36,Board Games,5,2024-04-01,130,264,35.2,48.64,Back-to-School
P0008,Toy 50,Dolls,4,2024-04-02,101,287,48.35,10.23,Summer
P0039,Toy 4,Dolls,19,2024-04-03,64,270,20.89,45.55,Summer
P0026,Toy 27,Dolls,2,2024-04-04,119,139,8.27,49.56,Summer
P0034,Toy 17,Dolls,11,2024-04-05,90,480,34.24,93.21,Summer
P0003,Toy 12,Action Figures,13,2024-04-06,7,236,37.01,65.9,Back-to-School
P0050,Toy 22,Dolls,15,2024-04-07,178,461,29.6,34.61,None
P0012,Toy 17,Puzzles,12,2024-04-08,72,440,11.93,54.91,None
P0001,Toy 10,Puzzles,11,2024-04-09,133,391,26.21,11.28,None
P0044,Toy 1,Action Figures,7,2024-04-10,106,71,16.99,97.39,Holiday
P0005,Toy 22,Puzzles,5,2024-04-11,88,154,22.52,39.21,Summer
P0030,Toy 26,Puzzles,17,2024-04-12,38,189,32.97,50.4,Summer
P0030,Toy 18,Dolls,20,2024-04-13,112,267,37.77,38.75,Back-to-School
P0017,Toy 50,Puzzles,9,2024-04-14,187,320,13.15,69.84,Back-to-School
P0048,Toy 14,Action Figures,14,2024-04-15,27,106,21.46,67.91,Holiday
P0047,Toy 47,Dolls,12,2024-04-16,96,231,14.92,72.96,Holiday
P0023,Toy 29,Board Games,6,2024-04-17,181,0,11.53,30.47,None
P0015,Toy 12,Dolls,17,2024-04-18,36,189,39.6,34.99,Back-to-School
P0037,Toy 36,Action Figures,19,2024-04-19,136,370,45.64,16.9,Summer
P0021,Toy 35,Dolls,19,2024-04-20,81,138,19.77,67.27,None
P0014,Toy 12,Dolls,16,2024-04-21,55,102,38.06,8.78,Summer
P0002,Toy 7,Action Figures,12,2024-04-22,186,170,45.06,61.78,None
P0011,Toy 29,Dolls,12,2024-04-23,84,350,42.61,87.62,Summer
P0039,Toy 11,Action Figures,20,2024-04-24,1,272,10.78,89.63,Holiday
P0038,Toy 33,Action Figures,6,2024-04-25,188,480,47.9,47.66,None
P0034,Toy 6,Board Games,4,2024-04-26,57,415,20.08,48.63,Summer
P0038,Toy 47,Puzzles,6,2024-04-27,106,220,18.28,12.31,Summer
P0050,Toy 15,Puzzles,11,2024-04-28,122,212,5.0,68.72,Back-to-School
P0034,Toy 32,Dolls,1,2024-04-29,187,340,25.34,83.02,None
P0018,Toy 11,Dolls,15,2024-04-30,167,423,7.23,28.24,Summer
P0030,Toy 23,Board Games,11,2024-05-01,163,406,13.93,45.02,Back-to-School
P0015,Toy 26,Board Games,19,2024-05-02,113,55,17.21,84.69,Summer
P0027,Toy 34,Board Games,18,2024-05-03,106,389,40.82,88.33,None
P0034,Toy 46,Action Figures,17,2024-05-04,36,341,44.02,28.1,Holiday
P0038,Toy 34,Board Games,19,2024-05-05,78,433,16.52,57.3,None
P0033,Toy 29,Board Games,14,2024-05-06,91,101,43.22,23.29,None
P0024,Toy 4,Dolls,18,2024-05-07,17,420,43.15,14.68,Summer
P0015,Toy 17,Board Games,19,2024-05-08,97,492,38.7,91.56,Summer
P0030,Toy 35,Action Figures,15,2024-05-09,62,0,9.04,82.95,None
P0042,Toy 13,Action Figures,15,2024-05-10,149,498,35.14,77.2,Back-to-School
P0017,Toy 41,Dolls,4,2024-05-11,138,309,47.36,9.63,Back-to-School
P0005,Toy 39,Board Games,7,2024-05-12,185,199,34.76,85.15,Back-to-School
P0029,Toy 15,Board Games,13,2024-05-13,184,232,17.92,46.61,Summer
P0004,Toy 29,Action Figures,3,2024-05-14,3,432,26.03,37.53,Summer
P0010,Toy 29,Board Games,16,2024-05-15,134,226,32.99,56.92,None
P0017,Toy 11,Board Games,9,2024-05-16,60,370,26.51,13.68,Holiday
P0010,Toy 32,Board Games,8,2024-05-17,106,138,7.76,76.88,Summer
P0017,Toy 2,Puzzles,20,2024-05-18,53,343,16.98,60.33,None
P0020,Toy 47,Dolls,13,2024-05-19,87,304,40.52,22.73,None
P0024,Toy 14,Puzzles,17,2024-05-20,67,148,43.35,22.88,Holiday
P0005,Toy 20,Dolls,17,2024-05-21,128,114,8.59,22.5,Back-to-School
P0034,Toy 22,Action Figures,17,2024-05-22,54,449,47.71,10.42,None
P0006,Toy 11,Board Games,1,2024-05-23,2,62,17.78,60.84,None
P0002,Toy 27,Dolls,8,2024-05-24,165,103,33.79,84.83,None
P0013,Toy 3,Puzzles,19,2024-05-25,120,338,38.09,6.66,Back-to-School
P0043,Toy 17,Board Games,6,2024-05-26,128,358,40.97,9.66,Back-to-School
P0043,Toy 44,Action Figures,3,2024-05-27,101,155,47.4,59.41,Holiday
P0048,Toy 28,Dolls,5,2024-05-28,37,272,17.02,82.85,Summer
P0011,Toy 29,Dolls,13,2024-05-29,84,5,43.21,36.04,Back-to-School
P0047,Toy 21,Dolls,15,2024-05-30,156,146,8.32,38.21,Summer
P0023,Toy 47,Board Games,14,2024-05-31,132,183,35.84,61.65,Summer
P0016,Toy 16,Puzzles,16,2024-06-01,91,485,37.61,31.05,Back-to-School
P0031,Toy 37,Puzzles,18,2024-06-02,20,0,34.53,7.53,None
P0011,Toy 20,Dolls,11,2024-06-03,198,449,14.11,74.85,Holiday
P0016,Toy 6,Action Figures,3,2024-06-04,194,37,43.91,64.44,Summer
P0008,Toy 19,Action Figures,10,2024-06-05,108,118,10.11,60.17,None
P0004,Toy 5,Puzzles,10,2024-06-06,46,292,4.57,75.46,Back-to-School
P0040,Toy 3,Action Figures,16,2024-06-07,83,370,36.44,69.15,Summer
P0004,Toy 1,Puzzles,12,2024-06-08,82,243,24.82,24.56,Summer
P0025,Toy 38,Dolls,2,2024-06-09,34,67,42.76,38.49,Summer
P0003,Toy 15,Puzzles,9,2024-06-10,195,213,20.4,16.98,None
P0032,Toy 34,Puzzles,3,2024-06-11,68,217,10.08,17.34,None
P0003,Toy 35,Dolls,15,2024-06-12,128,176,42.15,69.24,None
P0027,Toy 49,Action Figures,3,2024-06-13,195,298,28.35,86.57,Summer
P0029,Toy 25,Puzzles,19,2024-06-14,139,163,11.08,96.46,Summer
P0032,Toy 24,Puzzles,18,2024-06-15,187,57,36.58,64.69,Holiday
P0050,Toy 12,Dolls,8,2024-06-16,26,268,26.53,22.49,Holiday
P0019,Toy 18,Action Figures,17,2024-06-17,55,307,31.01,15.04,None
P0021,Toy 15,Puzzles,8,2024-06-18,22,0,24.12,82.22,None
P0005,Toy 44,Dolls,7,2024-06-19,152,287,41.78,59.98,Back-to-School
P0018,Toy 16,Puzzles,7,2024-06-20,20,0,41.82,63.74,None
P0028,Toy 27,Board Games,3,2024-06-21,60,0,36.05,79.24,Holiday
P0042,Toy 8,Dolls,1,2024-06-22,62,227,7.06,71.81,Holiday
P0022,Toy 46,Action Figures,4,2024-06-23,121,246,42.26,84.27,Holiday
P0021,Toy 25,Action Figures,5,2024-06-24,51,187,34.21,10.34,Summer
P0006,Toy 17,Action Figures,1,2024-06-25,87,493,35.46,76.01,Summer
P0001,Toy 29,Action Figures,15,2024-06-26,152,82,19.42,85.83,None
P0005,Toy 8,Puzzles,5,2024-06-27,54,185,44.21,32.18,Back-to-School
P0041,Toy 15,Puzzles,13,2024-06-28,45,251,36.82,65.84,Back-to-School
P0012,Toy 27,Action Figures,8,2024-06-29,31,354,7.4,34.85,Back-to-School
P0026,Toy 46,Action Figures,8,2024-06-30,54,237,21.57,96.01,Summer
P0046,Toy 50,Action Figures,5,2024-07-01,95,359,44.55,8.18,Holiday
P0034,Toy 7,Puzzles,9,2024-07-02,132,183,4.27,60.08,Holiday
P0049,Toy 3,Action Figures,1,2024-07-03,35,283,48.15,20.82,Summer
P0014,Toy 29,Action Figures,4,2024-07-04,109,384,34.6,72.66,Back-to-School
P0026,Toy 44,Board Games,3,2024-07-05,176,425,32.31,21.71,Back-to-School
P0045,Toy 24,Board Games,2,2024-07-06,105,209,14.99,27.36,None
P0027,Toy 3,Action Figures,8,2024-07-07,57,303,13.94,51.97,None
P0009,Toy 20,Dolls,9,2024-07-08,38,295,47.22,91.91,Back-to-School
P0026,Toy 46,Action Figures,2,2024-07-09,79,96,16.32,25.11,Summer
P0047,Toy 15,Board Games,14,2024-07-10,96,446,39.22,18.7,Back-to-School
P0022,Toy 25,Dolls,14,2024-07-11,112,459,20.87,77.1,None
P0047,Toy 30,Dolls,4,2024-07-12,60,455,8.68,52.56,Back-to-School
P0030,Toy 14,Action Figures,6,2024-07-13,136,0,2.51,91.62,Summer
P0043,Toy 7,Board Games,11,2024-07-14,5,207,28.12,18.93,Holiday
P0048,Toy 17,Board Games,3,2024-07-15,108,369,48.84,66.36,Summer
P0017,Toy 44,Dolls,8,2024-07-16,34,387,19.72,27.12,Summer
P0026,Toy 20,Action Figures,3,2024-07-17,38,421,19.15,19.89,None
P0036,Toy 36,Puzzles,14,2024-07-18,149,491,18.52,69.93,Summer
P0001,Toy 9,Puzzles,13,2024-07-19,168,410,26.99,61.4,Summer
P0008,Toy 38,Board Games,13,2024-07-20,117,136,23.15,76.71,None
P0049,Toy 48,Puzzles,2,2024-07-21,4,366,44.24,34.4,None
P0035,Toy 22,Board Games,13,2024-07-22,169,399,26.26,47.56,Holiday
P0015,Toy 2,Board Games,19,2024-07-23,86,183,26.37,43.52,Back-to-School
P0047,Toy 24,Board Games,6,2024-07-24,75,75,8.64,98.49,Summer
P0022,Toy 8,Puzzles,16,2024-07-25,194,286,49.17,32.76,None
P0014,Toy 11,Board Games,2,2024-07-26,157,471,14.0,33.01,Holiday
P0026,Toy 13,Dolls,8,2024-07-27,56,0,5.52,38.68,Back-to-School
P0028,Toy 17,Action Figures,17,2024-07-28,126,141,33.83,58.64,None
P0023,Toy 8,Action Figures,2,2024-07-29,28,236,30.58,28.97,Back-to-School
P0014,Toy 21,Board Games,10,2024-07-30,164,24,21.93,91.95,Back-to-School
P0024,Toy 18,Action Figures,16,2024-07-31,86,289,22.27,30.24,Summer
P0002,Toy 30,Puzzles,6,2024-08-01,140,66,39.68,90.1,Summer
P0045,Toy 18,Puzzles,2,2024-08-02,159,249,11.39,14.83,None
P0026,Toy 46,Action Figures,2,2024-08-03,45,407,41.37,67.37,Back-to-School
P0014,Toy 47,Puzzles,13,2024-08-04,115,117,33.14,91.16,None
P0007,Toy 31,Action Figures,15,2024-08-05,111,0,22.11,21.03,None
P0003,Toy 38,Action Figures,2,2024-08-06,150,72,23.99,96.99,Back-to-School
P0047,Toy 32,Action Figures,7,2024-08-07,44,281,14.32,48.02,None
P0023,Toy 11,Board Games,3,2024-08-08,144,403,38.1,94.84,Back-to-School
P0046,Toy 45,Action Figures,8,2024-08-09,103,447,26.62,69.3,Back-to-School
P0043,Toy 25,Board Games,14,2024-08-10,84,359,17.4,33.65,Back-to-School
P0047,Toy 33,Action Figures,7,2024-08-11,193,9,30.61,22.89,Back-to-School
P0045,Toy 38,Action Figures,7,2024-08-12,133,210,49.8,33.85,Holiday
P0018,Toy 41,Action Figures,1,2024-08-13,107,322,22.89,13.84,Back-to-School
P0038,Toy 8,Puzzles,17,2024-08-14,17,151,46.19,18.67,Summer
P0035,Toy 11,Board Games,9,2024-08-15,93,4,18.56,14.94,Summer
P0015,Toy 22,Board Games,13,2024-08-16,149,194,4.63,45.18,Summer
P0025,Toy 24,Action Figures,19,2024-08-17,32,441,11.8,80.58,Back-to-School
P0037,Toy 41,Action Figures,19,2024-08-18,157,282,22.1,18.43,Summer
P0028,Toy 17,Puzzles,17,2024-08-19,125,463,12.54,17.38,Holiday
P0010,Toy 12,Puzzles,10,2024-08-20,159,112,2.01,66.13,None
P0039,Toy 46,Puzzles,10,2024-08-21,169,270,45.92,23.73,Back-to-School
P0017,Toy 32,Board Games,4,2024-08-22,121,162,42.51,14.27,Summer
P0039,Toy 15,Board Games,8,2024-08-23,137,459,37.63,20.85,Holiday
P0022,Toy 16,Board Games,20,2024-08-24,114,104,10.06,92.75,None
P0026,Toy 22,Action Figures,20,2024-08-25,163,180,7.78,83.04,Holiday
P0044,Toy 28,Board Games,18,2024-08-26,161,43,5.25,38.64,Summer
P0025,Toy 20,Dolls,14,2024-08-27,27,281,36.75,67.3,Holiday
P0017,Toy 33,Dolls,18,2024-08-28,10,174,46.58,56.04,None
P0013,Toy 10,Puzzles,14,2024-08-29,166,161,22.67,69.33,Summer
P0020,Toy 40,Board Games,20,2024-08-30,46,470,7.72,69.85,None
P0025,Toy 32,Dolls,15,2024-08-31,126,0,26.59,64.73,Holiday
P0004,Toy 50,Puzzles,4,2024-09-01,146,0,18.74,30.28,Back-to-School
P0010,Toy 33,Board Games,13,2024-09-02,117,339,19.99,8.71,Back-to-School
P0003,Toy 2,Action Figures,8,2024-09-03,142,139,31.82,48.28,Back-to-School
P0041,Toy 33,Dolls,18,2024-09-04,125,470,36.5,89.64,Back-to-School
P0045,Toy 33,Action Figures,12,2024-09-05,155,131,7.31,59.1,None
P0018,Toy 41,Board Games,14,2024-09-06,151,86,3.71,84.08,Back-to-School
P0047,Toy 13,Dolls,2,2024-09-07,71,175,49.73,99.2,None
P0036,Toy 30,Board Games,18,2024-09-08,106,182,13.17,20.54,Summer
P0047,Toy 33,Action Figures,2,2024-09-09,136,367,4.58,70.72,Back-to-School
P0022,Toy 13,Dolls,11,2024-09-10,174,128,11.11,69.06,None
P0034,Toy 26,Action Figures,9,2024-09-11,32,245,3.87,98.1,Back-to-School
P0047,Toy 22,Board Games,12,2024-09-12,189,88,20.81,98.63,Back-to-School
P0008,Toy 39,Board Games,17,2024-09-13,18,0,40.52,70.23,Back-to-School
P0040,Toy 2,Action Figures,15,2024-09-14,194,157,18.38,28.14,None
P0049,Toy 38,Dolls,17,2024-09-15,73,386,23.32,80.86,Holiday
P0044,Toy 39,Action Figures,18,2024-09-16,167,377,34.43,15.17,Back-to-School
P0019,Toy 26,Board Games,6,2024-09-17,174,148,26.43,79.17,Back-to-School
P0042,Toy 46,Action Figures,17,2024-09-18,192,472,43.35,91.47,Summer
P0041,Toy 50,Board Games,18,2024-09-19,156,339,43.57,41.37,Holiday
P0037,Toy 15,Action Figures,8,2024-09-20,177,432,2.48,64.91,None
P0006,Toy 34,Dolls,9,2024-09-21,97,115,39.35,45.86,Summer
P0026,Toy 42,Dolls,6,2024-09-22,140,213,24.12,46.59,Back-to-School
P0034,Toy 44,Action Figures,5,2024-09-23,128,468,49.46,34.49,Summer
P0045,Toy 49,Action Figures,12,2024-09-24,161,445,25.2,77.4,Summer
P0006,Toy 40,Dolls,11,2024-09-25,92,480,49.37,93.94,Back-to-School
P0037,Toy 11,Board Games,1,2024-09-26,175,371,38.22,94.37,Holiday
